iter	Logloss
0	0.3920406495
1	0.2791833004
