,Appliances,lights,T1,RH_1,T2,RH_2,T3,RH_3,T4,RH_4,T5,RH_5,T6,RH_6,T7,RH_7,T8,RH_8,T9,RH_9,T_out,Press_mm_hg,RH_out,Windspeed,Visibility,Tdewpoint
count,19735.0,19735.0,19735.0,19735.0,19735.0,19569.0,19735.0,19735.0,19735.0,19654.0,19735.0,19644.0,19735.0,19651.0,19681.0,19735.0,19613.0,19735.0,19651.0,19732.0,19539.0,19607.0,19634.0,19735.0,19725.0,19735.0
mean,97.6949581960983,3.8018748416518875,21.68657138674588,40.259739279775026,20.34121946383937,40.416942880151765,22.267610984879145,39.24250007719837,20.855334722420064,39.02393121220158,19.592106328022297,50.94616631537671,7.910939332397315,54.604846259842354,20.266863807790255,35.38820021508133,22.030801296821497,42.93616537239119,19.48659359990891,41.55306096025694,7.414858329494857,755.5211440520732,79.74811975824183,4.0397517101596145,38.331128010138954,3.760994689637699
std,102.52489053740624,7.935987600215888,1.6060656448179866,3.979298830408041,2.1929735335409846,4.0752611631503886,2.0061105361473204,3.254576492625448,2.0428844769820835,4.340201179293482,1.8446232734814807,9.01895247813873,6.090346609880949,31.15344257106994,2.10992541900611,5.1142080299043124,1.9558282331704506,5.22436067958222,2.015255568663306,4.151420660901544,5.316894502623639,7.4057687671063865,14.900565602666212,2.4512206057322268,11.792933042809814,4.195247700854317
min,10.0,0.0,16.79,27.02333333,16.1,20.46333333,17.2,28.76666667,15.1,27.66,15.33,29.815,-6.065,1.0,15.39,23.2,16.36222222,29.6,14.89,29.16666667,-5.0,729.3,24.0,0.0,1.0,-6.6
25%,50.0,0.0,20.76,37.33333333,18.79,37.89,20.79,36.9,19.53,35.53,18.2775,45.4,3.626666667,30.04666667,18.7,31.5,20.79,39.06666667,18.0,38.5,3.67,750.9,70.33333333,2.0,29.0,0.9
50%,60.0,0.0,21.6,39.65666667,20.0,40.5,22.1,38.53,20.66666667,38.4,19.39,49.09,7.3,55.26666667,20.03333333,34.86333333,22.10555556,42.375,19.39,40.9,6.92,756.1,83.66666667,3.666666667,40.0,3.43
75%,100.0,0.0,22.6,43.06666667,21.5,43.26,23.29,41.76,22.1,42.145,20.619642855000002,53.66333333,11.255999999999998,83.22861111,21.6,39.0,23.39,46.536,20.6,44.343392855,10.4,760.95,91.66666667,5.5,40.0,6.57
max,1080.0,70.0,26.26,63.36,29.85666667,56.02666667,29.236,50.16333333,26.2,51.09,25.795,96.32166667,28.29,99.9,26.0,51.4,27.23,58.78,24.5,53.32666667,26.1,772.3,100.0,14.0,66.0,15.5
